display name,Affy ID,HR（内分泌療法〇）,HR（内分泌療法×）,ーlogP(内分泌療法×),LOGHRincludevalue,LOGHRexcludevalue,deltaHR,shape,logrank（〇）,logrank(×),下限信頼区間(内分泌療法あり),上限信頼区間(内分泌療法あり),標準誤差（内分泌療法〇）,下限信頼区間(内分泌療法なし),上限信頼区間(内分泌療法なし),標準誤差（内分泌療法×）,Z,|Z|,P
ABL1,202123_s_at,3.15,0.64,1.886056648,0.498310554,-0.193820026,0.69213058,2,0.00039,0.013,1.61,6.16,0.148661948,0.45,0.91,0.078017571,4.122519466,4.122519466,3.74751E-05
ACVR1,203935_at,0.65,0.81,0.619788758,-0.187086643,-0.091514981,-0.095571662,0,0.079,0.24,0.39,1.06,0.110775831,0.56,1.16,0.080681113,-0.697385547,0.697385547,0.485561544
ACVR1B,213198_at,2.29,0.81,0.698970004,0.359835482,-0.091514981,0.451350463,1,0.017,0.2,1.13,4.61,0.155771041,0.51,1.12,0.087155063,2.528638614,2.528638614,0.011450586
AKAP8,203848_at,1.37,0.73,1.22184875,0.136720567,-0.13667714,0.273397707,0,0.19,0.06,0.86,2.21,0.104564751,0.53,1.01,0.07144018,2.158871127,2.158871127,0.030860166
ANAPC5,200098_s_at,1.52,0.84,0.537602002,0.181843588,-0.075720714,0.257564302,0,0.1,0.29,0.92,2.51,0.111195381,0.61,1.16,0.071206162,1.950644169,1.950644169,0.051099389
APBB1,202652_at,1.67,0.49,3,0.222716471,-0.30980392,0.532520391,1,0.074,0.001,0.95,2.96,0.125910231,0.31,0.75,0.097882543,3.339071178,3.339071178,0.00084059
APBB2,212970_at,1.79,0.68,1.283996656,0.252853031,-0.167491087,0.420344118,1,0.014,0.052,1.12,2.86,0.103864288,0.46,1.01,0.087133557,3.100499495,3.100499495,0.001931945
ATM,212672_at,0.42,0.54,2.769551079,-0.37675071,-0.26760624,-0.109144469,2,0.00027,0.0017,0.26,0.68,0.106514175,0.36,0.8,0.088466195,-0.788266856,0.788266856,0.43054063
AURKA,208079_s_at,1.97,2.34,4.387216143,0.294466226,0.369215857,-0.074749631,2,0.021,4.10E-05,1.1,3.53,0.129179087,1.54,3.56,0.092839101,-0.469888078,0.469888078,0.638434982
BIRC5,202094_at,1.6,1.9,2.698970004,0.204119983,0.278753601,-0.074633618,2,0.045,0.002,1.01,2.55,0.102606838,1.26,2.87,0.091201875,-0.543657687,0.543657687,0.586677055
BUB1,209642_at,1.64,2.51,6,0.214843848,0.399673721,-0.184829873,2,0.04,1.00E-06,1.02,2.65,0.105776965,1.72,3.69,0.084565796,-1.364805744,1.364805744,0.172314113
BUB1B,203755_at,1.72,2.27,5.366531544,0.235528447,0.356025857,-0.12049741,2,0.026,4.30E-06,1.06,2.79,0.107218964,1.58,3.25,0.079904662,-0.901126843,0.901126843,0.367520882
CCNA1,205899_at,1.66,1.21,0.494850022,0.220108088,0.08278537,0.137322718,1,0.047,0.32,1,2.74,0.111671062,0.83,1.77,0.08390183,0.983137785,0.983137785,0.32553963
CCNA2,213226_at,1.76,2.19,5.036212173,0.245512668,0.340444115,-0.094931447,2,0.021,9.20E-06,1.08,2.87,0.108280138,1.54,3.13,0.078577453,-0.709570681,0.709570681,0.477970406
CD28,206545_at,0.81,0.75,0.769551079,-0.091514981,-0.124938737,0.033423755,0,0.4,1.70E-01,0.5,1.32,0.107552022,0.49,1.13,0.092572031,0.235536198,0.235536198,0.813792587
CDC16,209659_s_at,0.79,0.62,2.301029996,-0.102372909,-0.207608311,0.105235402,1,0.34,5.00E-03,0.48,1.29,0.109527672,0.44,0.87,0.075527188,0.790982815,0.790982815,0.42895402
CDC23,202892_at,1.57,0.67,1.795880017,0.195899652,-0.173925197,0.36982485,1,0.056,1.60E-02,0.98,2.5,0.103753554,0.48,0.93,0.073275947,2.911540599,2.911540599,0.003596512
CDC25B,201853_s_at,1.78,1.8,3.22184875,0.250420002,0.255272505,-0.004852503,2,0.016,6.00E-04,1.11,2.87,0.105244622,1.28,2.54,0.075924425,-0.037392329,0.037392329,0.970172189
CDC25C,205167_s_at,2.31,1.87,3.958607315,0.36361198,0.271841607,0.091770373,2,0.0016,1.10E-04,1.35,3.94,0.118663891,1.36,2.59,0.071367565,0.662736757,0.662736757,0.507499164
CDC27,217880_at,1.31,1.63,1.823908741,0.117271296,0.212187604,-0.094916309,1,0.26,1.50E-02,0.82,2.11,0.104711378,1.1,2.43,0.087809589,-0.694561288,0.694561288,0.487330279
CDC6,203967_at,1.78,2.88,8.055517328,0.250420002,0.459392488,-0.208972485,2,0.016,8.80E-09,1.1,2.87,0.106247248,1.98,4.21,0.083575741,-1.545893742,1.545893742,0.122130232
CDC7,204510_at,1.45,1.75,2.638272164,0.161368002,0.243038049,-0.081670046,1,0.14,2.30E-03,0.88,2.37,0.109761651,1.22,2.51,0.079927013,-0.601492298,0.601492298,0.54751214
CDK10,203468_at,0.77,1.2,0.537602002,-0.113509275,0.079181246,-0.192690521,0,0.27,2.90E-01,0.48,1.23,0.104250988,0.86,1.67,0.073525005,-1.510464748,1.510464748,0.130924878
CDK2, 204252_at,2.15,1.49,1.568636236,0.33243846,0.173186268,0.159252192,2,0.0087,2.70E-02,1.2,3.86,0.129440321,1.04,2.13,0.079425067,1.048639513,1.048639513,0.294344063
CDK2AP1,201938_at,1.42,1.88,3.236572006,0.152288344,0.274157849,-0.121869505,1,0.15,5.80E-04,0.88,2.27,0.104985506,1.3,2.71,0.081384168,-0.917445002,0.917445002,0.3589095
CDK4,202246_s_at,1.61,1.73,2.958607315,0.206825876,0.238046103,-0.031220227,1,0.08,1.10E-03,0.94,2.74,0.118526201,1.24,2.41,0.073621265,-0.223753194,0.223753194,0.822949352
CDKN1A,202284_s_at,1.86,1.24,0.677780705,0.269512944,0.093421685,0.176091259,1,0.01,2.10E-01,1.15,3.02,0.106966608,0.89,1.72,0.0729945,1.35978608,1.35978608,0.173897629
CDKN1B,209112_at,0.53,0.56,2.180456064,-0.27572413,-0.251811973,-0.023912157,2,0.009,6.60E-03,0.33,0.86,0.106118498,0.36,0.85,0.095182761,-0.167744141,0.167744141,0.866784569
CDKN1C,213348_at,1.47,0.67,1.455931956,0.167317335,-0.173925197,0.341242532,1,0.18,3.50E-02,0.83,2.61,0.126929187,0.46,0.97,0.082656608,2.252873415,2.252873415,0.024267132
CDKN2A,207039_at,1.66,0.69,1.585026652,0.220108088,-0.161150909,0.381258997,2,0.034,2.60E-02,1.03,2.68,0.105943257,0.5,0.96,0.072270722,2.972872925,2.972872925,0.002950266
CDKN2C,204159_at,0.6,0.87,0.408935393,-0.22184875,-0.060480747,-0.161368002,0,0.056,3.90E-01,0.35,1.02,0.118503094,0.63,1.2,0.071387933,-1.166420928,1.166420928,0.243444301
CDKN2D,210240_s_at,0.69,1.21,0.602059991,-0.161150909,0.08278537,-0.24393628,0,0.13,2.50E-01,0.43,1.12,0.106058563,0.87,1.67,0.072244188,-1.900906227,1.900906227,0.057314296
CDKN3,209714_s_at,1.68,2.52,6.552841969,0.225309282,0.401400541,-0.176091259,2,0.031,2.80E-07,1.04,2.71,0.10610611,1.75,3.64,0.081138606,-1.318306141,1.318306141,0.187401186
CENPE,205046_at,1.41,2.62,6.200659451,0.149219113,0.418301291,-0.269082179,1,0.14,6.30E-07,0.89,2.25,0.102753192,1.77,3.88,0.086953689,-1.99901419,1.99901419,0.045606819
CENPF,209172_s_at,1.58,2.07,4.721246399,0.198657087,0.315970345,-0.117313259,1,0.056,1.90E-05,0.98,2.52,0.104636343,1.47,2.9,0.075275679,-0.910111104,0.910111104,0.362763919
CETN1,207209_at,2.1,0.54,3.283996656,0.322219295,-0.26760624,0.589825535,2,0.027,5.20E-04,1.07,4.09,0.148556003,0.38,0.77,0.078241614,3.512943235,3.512943235,0.000443172
CHFR,218803_at,1.42,1.23,0.657577319,0.152288344,0.089905111,0.062383233,0,0.15,2.20E-01,0.88,2.29,0.10595735,0.89,1.71,0.072348496,0.486223872,0.486223872,0.626808448
CHMP1A,201933_at,2.01,1.64,2.522878745,0.303196057,0.214843848,0.088352209,2,0.0035,3.00E-03,1.25,3.23,0.105176661,1.18,2.28,0.072972663,0.690185512,0.690185512,0.490077533
CIT,212801_at,1.85,0.62,1.568636236,0.267171728,-0.207608311,0.474780039,2,0.0098,2.70E-02,1.15,2.97,0.105116992,0.41,0.95,0.093096875,3.381242566,3.381242566,0.000721588
CLIP1,201975_at,1.65,1.25,0.638272164,0.217483944,0.096910013,0.120573931,1,0.034,2.30E-01,1.03,2.64,0.10427722,0.87,1.79,0.079932086,0.917691761,0.917691761,0.358780262
CUL1,207614_s_at,0.59,0.71,1.075720714,-0.229147988,-0.148741651,-0.080406337,1,0.033,8.40E-02,0.36,0.96,0.108665493,0.48,1.05,0.086721444,-0.578346154,0.578346154,0.56303044
CUL2,203078_at,0.78,1.33,1.031517051,-0.107905397,0.123851641,-0.231757038,0,0.3,9.30E-02,0.48,1.25,0.106037953,0.95,1.86,0.074436056,-1.788855188,1.788855188,0.07363814
CUL3,201372_s_at,1.38,0.75,1,0.139879086,-0.124938737,0.264817823,0,0.18,1.00E-01,0.86,2.24,0.106058563,0.53,1.06,0.076793366,2.022415393,2.022415393,0.043133456
CUL4A,201424_s_at,0.61,0.64,2.080921908,-0.214670165,-0.193820026,-0.020850139,1,0.088,8.30E-03,0.35,1.08,0.124835641,0.46,0.89,0.073120453,-0.144118177,0.144118177,0.885407151
CUL5,203531_at,0.41,0.74,1.142667504,-0.387216143,-0.13076828,-0.256447863,1,0.0026,7.20E-02,0.22,0.75,0.135877189,0.53,1.03,0.073612591,-1.65946835,1.65946835,0.097021453
DBF4,204244_s_at,0.67,2.03,4.795880017,-0.173925197,0.307496038,-0.481421235,1,0.089,1.60E-05,0.42,1.07,0.103605737,1.46,2.81,0.072539149,-3.806435742,3.806435742,0.000140984
DCTN2,200932_s_at,2,1.27,0.619788758,0.301029996,0.103803721,0.197226275,1,0.0042,2.40E-01,1.23,3.24,0.107306097,0.85,1.89,0.088531347,1.417742575,1.417742575,0.156265935
DCTN3,204246_s_at,2.38,0.8,0.721246399,0.376576957,-0.096910013,0.47348697,1,0.00071,1.90E-01,1.42,3.99,0.114460345,0.57,1.12,0.074832441,3.462381081,3.462381081,0.000535418
DDX11,213378_s_at,2.22,0.72,1.229147988,0.346352974,-0.142667504,0.489020478,1,0.0041,5.90E-02,1.27,3.87,0.123445726,0.51,1.01,0.075701836,3.377005872,3.377005872,0.000732795
DLGAP5,203764_at,1.62,3.4,7.167491087,0.209515015,0.531478917,-0.321963902,2,0.042,6.80E-08,1.01,2.58,0.103902636,2.12,5.45,0.104607306,-2.183699791,2.183699791,0.028984315
DMC1,208382_s_at,2.98,0.78,0.853871964,0.474216264,-0.107905397,0.582121661,1,0.004,1.40E-01,1.36,6.5,0.173309808,0.56,1.08,0.072764216,3.09696489,3.09696489,0.00195513
DUSP13,219963_at,2.13,0.72,1.017728767,0.328379603,-0.142667504,0.471047107,1,0.031,9.60E-02,1.06,4.28,0.154627016,0.49,1.06,0.08548719,2.666028373,2.666028373,0.007675321
E2F1,204947_at,1.78,2.11,4.537602002,0.250420002,0.324282455,-0.073862453,2,0.014,2.90E-05,1.12,2.85,0.103476234,1.48,3.02,0.07901664,-0.567318012,0.567318012,0.570498142
EGF,206254_at,0.5,0.81,0.585026652,-0.301029996,-0.091514981,-0.209515015,1,0.027,2.60E-01,0.27,0.94,0.138205125,0.55,1.17,0.08362836,-1.297005547,1.297005547,0.194629278
EREG,205767_at,0.61,0.83,0.568636236,-0.214670165,-0.080921908,-0.133748257,0,0.055,2.70E-01,0.36,1.02,0.115382059,0.59,1.16,0.074899484,-0.972285224,0.972285224,0.330908673
ESPL1,38158_at,1.98,2.1,3.585026652,0.29666519,0.322219295,-0.025554104,2,0.02,2.60E-04,1.1,3.55,0.129805017,1.4,3.16,0.090193634,-0.161669332,0.161669332,0.871566256
FOXO4,205451_at,1.47,1.23,0.638272164,0.167317335,0.089905111,0.077412223,0,0.1,2.30E-01,0.92,2.35,0.103897968,0.88,1.73,0.07488863,0.60443088,0.60443088,0.54555721
GFI1,206589_at,0.58,1.23,0.585026652,-0.236572006,0.089905111,-0.326477118,0,0.086,2.60E-01,0.31,1.09,0.139302246,0.86,1.77,0.079968065,-2.032557473,2.032557473,0.042097252
GML,208000_at,1.38,0.8,0.585026652,0.139879086,-0.096910013,0.236789099,0,0.21,2.60E-01,0.84,2.26,0.109650294,0.54,1.18,0.086604145,1.69466265,1.69466265,0.090139435
HSPA2,211538_s_at,0.76,0.6,2.638272164,-0.119186408,-0.22184875,0.102662342,1,0.24,2.30E-03,0.47,1.21,0.104767223,0.43,0.84,0.074186436,0.799714962,0.799714962,0.423875962
INHBA,204926_at,1.42,1.45,1.207608311,0.152288344,0.161368002,-0.009079658,0,0.16,6.20E-02,0.87,2.31,0.10818692,0.98,2.15,0.087043976,-0.065388894,0.065388894,0.947864366
KATNA1, 205526_s_at,0.85,0.78,0.769551079,-0.070581074,-0.107905397,0.037324323,0,0.52,1.70E-01,0.52,1.39,0.108931494,0.55,1.11,0.077795992,0.278832696,0.278832696,0.780373221
KHDRBS1,200040_at,0.75,1.35,1.013228266,-0.124938737,0.130333768,-0.255272505,0,0.23,9.70E-02,0.46,1.21,0.107149882,0.95,1.91,0.077374939,-1.931446647,1.931446647,0.053427841
KIF11,204444_at,1.97,2.81,7.37675071,0.294466226,0.44870632,-0.154240094,2,0.0037,4.20E-08,1.24,3.15,0.103287977,1.91,4.14,0.085705861,-1.149194129,1.149194129,0.250475941
KIF15,219306_at,1.25,2.18,4.148741651,0.096910013,0.338456494,-0.241546481,1,0.39,7.10E-05,0.75,2.1,0.114070926,1.47,3.24,0.08755808,-1.679732844,1.679732844,0.093009307
KIF22,202183_s_at,1.26,0.56,2.337242168,0.100370545,-0.251811973,0.352182518,1,0.34,4.60E-03,0.78,2.05,0.107055933,0.37,0.84,0.090836113,2.508421716,2.508421716,0.012127184
KIF25,208128_x_at,1.54,0.55,3.552841969,0.187520721,-0.259637311,0.447158031,1,0.082,2.80E-04,0.94,2.5,0.108370448,0.39,0.76,0.073915557,3.408788705,3.408788705,0.00065252
KIF2C,209408_at,2.55,2.28,5.091514981,0.40654018,0.357934847,0.048605333,2,0.00014,8.10E-06,1.55,4.19,0.110174062,1.57,3.3,0.082299563,0.353443871,0.353443871,0.723755701
KNTC1,206316_s_at,0.69,1.6,1.795880017,-0.161150909,0.204119983,-0.365270892,1,0.12,1.60E-02,0.44,1.11,0.102517934,1.09,2.35,0.085112593,-2.74135939,2.74135939,0.006118554
KPNA2,211762_s_at,1.69,2.37,4.26760624,0.227886705,0.374748346,-0.146861641,2,0.026,5.40E-05,1.06,2.69,0.103175106,1.54,3.64,0.095301189,-1.045618459,1.045618459,0.295737223
KRT7,209016_s_at,0.69,1.98,4.318758763,-0.161150909,0.29666519,-0.4578161,1,0.14,4.80E-05,0.42,1.14,0.110626419,1.42,2.78,0.074427666,-3.433629997,3.433629997,0.000595557
LIG3,207348_s_at,0.71,0.81,0.638272164,-0.148741651,-0.091514981,-0.05722667,0,0.19,2.30E-01,0.42,1.19,0.115382059,0.57,1.15,0.077760965,-0.411290034,0.411290034,0.680859877
MAD2L1,203362_s_at,1.65,2.81,6.677780705,0.217483944,0.44870632,-0.231222376,2,0.04,2.10E-07,1.02,2.68,0.107024138,1.87,4.23,0.090433357,-1.650226752,1.650226752,0.098896567
MAP3K11,203652_at,1.58,0.72,1.229147988,0.198657087,-0.142667504,0.341324591,0,0.081,5.90E-02,0.94,2.65,0.114826026,0.51,1.01,0.075701836,2.481734986,2.481734986,0.013074447
MPHOSPH6,203740_at,2.37,1.45,1.585026652,0.374748346,0.161368002,0.213380344,2,0.013,2.60E-02,1.18,4.76,0.15452167,1.04,2.01,0.073000693,1.24858472,1.24858472,0.211817004
MPHOSPH9,206205_at,0.63,1.82,3.468521083,-0.200659451,0.260071388,-0.460730839,1,0.054,3.40E-04,0.4,1.01,0.1026177,1.3,2.53,0.073769686,-3.645547431,3.645547431,0.000266823
MRE11,205395_s_at,0.52,1.46,1.823908741,-0.283996656,0.164352856,-0.448349512,2,0.006,2.10E-02,0.32,0.84,0.106920742,1.06,2.03,0.071987289,-3.478378125,3.478378125,0.000504458
MSH4,210533_at,2,1.32,0.958607315,0.301029996,0.120573931,0.180456064,1,0.038,1.10E-01,1.03,3.91,0.147790697,0.93,1.85,0.076196117,1.085275764,1.085275764,0.277799537
MSH5,212913_at,1.31,1.34,1.031517051,0.117271296,0.127104798,-0.009833503,0,0.28,9.30E-02,0.8,2.13,0.108492249,0.95,1.9,0.076793366,-0.073980479,0.073980479,0.941025918
MYO16,215119_at,1.38,0.68,1.443697499,0.139879086,-0.167491087,0.307370174,1,0.19,3.60E-02,0.85,2.24,0.10735436,0.48,0.98,0.079077765,2.305245584,2.305245584,0.021152823
NBN,202907_s_at,0.73,1.31,1.008773924,-0.13667714,0.117271296,-0.253948436,0,0.22,9.80E-02,0.9,2.32,0.10490956,0.95,1.82,0.072027496,-1.995578412,1.995578412,0.045979831
NCAPH,212949_at,2.04,2.15,4.397940009,0.309630167,0.33243846,-0.022808292,2,0.0022,4.00E-05,1.28,3.25,0.103233008,1.48,3.12,0.082625734,-0.172493032,0.172493032,0.863049939
NDC80,204162_at,1.34,2.69,5.408935393,0.127104798,0.42975228,-0.302647482,1,0.25,3.90E-06,0.81,2.22,0.111701009,1.74,4.18,0.097098733,-2.044855699,2.044855699,0.040869087
NEK2,204641_at,2.49,2.22,4.853871964,0.396199347,0.346352974,0.049846373,2,0.004,1.40E-05,1.31,4.74,0.142476287,1.54,3.22,0.081718151,0.303482692,0.303482692,0.761522036
NOLC1,211951_at,0.63,1.37,1.236572006,-0.200659451,0.136720567,-0.337380018,0,0.089,5.80E-02,0.36,1.08,0.121714606,0.99,1.89,0.071639441,-2.388824919,2.388824919,0.016902355
NUMA1,200747_s_at,1.58,0.58,2.677780705,0.198657087,-0.236572006,0.435229093,1,0.062,2.10E-03,0.97,2.56,0.107517406,0.41,0.82,0.076793366,3.294052032,3.294052032,0.000987542
NUSAP1,218039_at,1.81,3.33,6.920818754,0.257678575,0.522444234,-0.264765659,2,0.014,1.20E-07,1.12,2.92,0.106164497,2.07,5.33,0.104784914,-1.774961949,1.774961949,0.07590417
PAM,201960_s_at,0.69,0.66,1.744727495,-0.161150909,-0.180456064,0.019305155,1,0.12,1.80E-02,0.43,1.1,0.104062303,0.47,0.93,0.075608441,0.150083187,0.150083187,0.880698984
PCBP4,209361_s_at,1.86,1.36,1.036212173,0.269512944,0.133538908,0.135974036,1,0.034,9.20E-02,1.04,3.35,0.129594762,0.95,1.95,0.079671175,0.893825504,0.893825504,0.371415261
PDS5B,207956_x_at,0.5,0.79,0.823908741,-0.301029996,-0.102372909,-0.198657087,1,0.0041,1.50E-01,0.31,0.81,0.106409011,0.57,1.09,0.071824399,-1.547405331,1.547405331,0.121765537
PIM2,204269_at,0.63,0.64,2.173925197,-0.200659451,-0.193820026,-0.006839425,1,0.12,6.70E-03,0.34,1.14,0.134037228,0.46,0.89,0.073120453,-0.04479447,0.04479447,0.964271133
PIN1,202927_at,0.66,1.28,0.823908741,-0.180456064,0.10720997,-0.287666034,0,0.097,1.50E-01,0.4,1.08,0.110041777,0.92,1.79,0.073741123,-2.171639927,2.171639927,0.029882833
PKMYT1,204267_x_at,2.5,1.92,4.119186408,0.397940009,0.283301229,0.11463878,2,0.0027,7.60E-05,1.34,4.65,0.137843917,1.38,2.67,0.073120453,0.73468971,0.73468971,0.462528488
PLK1,202240_at,1.61,2.8,6.455931956,0.206825876,0.447158031,-0.240332155,1,0.07,3.50E-07,0.96,2.69,0.114153328,1.85,4.23,0.091624653,-1.641877416,1.641877416,0.100615411
PML,211012_s_at,0.68,0.58,2.13076828,-0.167491087,-0.236572006,0.069080919,1,0.15,7.40E-03,0.4,1.16,0.117958673,0.38,0.87,0.0917693,0.462228624,0.462228624,0.643917378
POLA1,204835_at,1.55,0.63,2.096910013,0.190331698,-0.200659451,0.390991149,1,0.065,8.00E-03,0.97,2.46,0.103102901,0.45,0.89,0.075555483,3.058836939,3.058836939,0.002221981
POLD1,203422_at,1.79,1.62,1.853871964,0.252853031,0.209515015,0.043338016,2,0.042,1.40E-02,1.01,3.17,0.126718849,1.1,2.4,0.086433305,0.282535478,0.282535478,0.777532947
POLE,216026_s_at,2.11,1.24,0.677780705,0.324282455,0.093421685,0.23086077,1,0.013,2.10E-01,1.15,3.85,0.133868084,0.89,1.72,0.0729945,1.514081664,1.514081664,0.130005128
PPP5C,201979_s_at,1.41,1.71,2.795880017,0.149219113,0.23299611,-0.083776998,1,0.17,1.60E-03,0.86,2.3,0.108987088,1.22,2.39,0.074499508,-0.634594797,0.634594797,0.525692723
PRUNE2,212805_at,1.53,0.72,1.060480747,0.184691431,-0.142667504,0.327358934,0,0.12,8.70E-02,0.89,2.61,0.119196556,0.49,1.05,0.084437046,2.241058048,2.241058048,0.025022315
PTPRC,212588_at,0.48,0.73,1.091514981,-0.318758763,-0.13667714,-0.182081623,1,0.0017,8.10E-02,0.3,0.77,0.104430987,0.52,1.04,0.076793366,-1.404662624,1.404662624,0.160121625
RAD17,207405_s_at,0.72,1.2,0.522878745,-0.142667504,0.079181246,-0.22184875,0,0.16,3.00E-01,0.45,1.15,0.103950338,0.85,1.71,0.077443159,-1.711441565,1.711441565,0.08699963
RAD21,200608_s_at,0.7,1.9,4.031517051,-0.15490196,0.278753601,-0.433655561,1,0.17,9.30E-05,0.42,1.16,0.112553239,1.37,2.64,0.072674326,-3.236795343,3.236795343,0.001208801
RAD50,209349_at,0.75,0.61,2.537602002,-0.124938737,-0.214670165,0.089731428,1,0.22,2.90E-03,0.47,1.19,0.10292069,0.44,0.85,0.072950574,0.711293273,0.711293273,0.476902519
RAD51,205023_at,0.63,0.56,2.167491087,-0.200659451,-0.251811973,0.051152522,2,0.049,6.80E-03,0.39,1,0.104320253,1.13,2.16,0.071779415,0.403954617,0.403954617,0.686246092
RAD51B,216880_at,0.64,0.64,2.244125144,-0.193820026,-0.193820026,0,1,0.06,5.70E-03,0.4,1.02,0.10370923,0.46,0.88,0.071868582,0,0,1
RAD51D,209965_s_at,0.75,1.55,2.086186148,-0.124938737,0.190331698,-0.315270435,1,0.22,8.20E-03,0.47,1.19,0.10292069,1.12,2.15,0.072250112,-2.507145767,2.507145767,0.012171051
RAD52,205647_at,0.62,0.69,1.48148606,-0.207608311,-0.161150909,-0.046457401,2,0.047,3.30E-02,0.38,1,0.107198062,0.49,0.97,0.075657055,-0.35407574,0.35407574,0.723282123
RAD54B,219494_at,0.82,1.66,2.619788758,-0.086186148,0.220108088,-0.306294236,1,0.41,2.40E-03,0.51,1.32,0.105358101,1.19,2.3,0.073005325,-2.389563792,2.389563792,0.016868394
RAD54L,204558_at,2.13,1.61,1.795880017,0.328379603,0.206825876,0.121553727,2,0.019,1.60E-02,1.12,4.05,0.142407398,1.09,2.37,0.086051492,0.730547004,0.730547004,0.465055893
RAN,200749_at,1.59,1.41,1.27572413,0.201397124,0.149219113,0.052178012,0,0.052,5.30E-02,0.99,2.53,0.103950338,0.99,2,0.077906837,0.401664758,0.401664758,0.687930764
RB1,203132_at,0.74,1.6,2.091514981,-0.13076828,0.204119983,-0.334888263,1,0.25,8.10E-03,0.45,1.24,0.112298258,1.13,2.27,0.077282503,-2.456610799,2.456610799,0.014025454
RCC1,206499_s_at,1.7,1.62,2.180456064,0.230448921,0.209515015,0.020933907,2,0.025,6.60E-03,1.06,2.71,0.103995772,1.14,2.3,0.077760965,0.161211932,0.161211932,0.871926484
REC8,218599_at,1.26,1.11,0.26760624,0.100370545,0.045322979,0.055047566,0,0.33,5.40E-01,0.79,2.02,0.104011295,0.8,1.55,0.073275947,0.432658622,0.432658622,0.665262795
RINT1,218598_at,0.47,1.63,2.494850022,-0.327902142,0.212187604,-0.540089746,2,0.012,3.20E-03,0.26,0.86,0.132531914,1.77,2.25,0.026583993,-3.995579889,3.995579889,6.45361E-05
SC65,204078_at,1.63,0.81,0.194994095,0.212187604,-0.091514981,0.303702586,0,0.098,0.638272164,0.91,2.93,0.129547507,0.57,1.14,0.076793366,2.016643321,2.016643321,0.043732749
SKP2,203625_x_at,1.46,2,4.207608311,0.164352856,0.301029996,-0.13667714,1,0.14,6.20E-05,0.88,2.43,0.112531531,1.41,2.83,0.077185542,-1.001601409,1.001601409,0.31653614
SMC1A,217555_at,0.69,1.33,0.823908741,-0.161150909,0.123851641,-0.28500255,0,0.12,1.50E-01,0.43,1.1,0.104062303,0.9,1.95,0.08566125,-2.114508207,2.114508207,0.034471885
SMC3,209259_s_at,0.68,1.32,0.958607315,-0.167491087,0.120573931,-0.288065018,0,0.11,1.10E-01,0.43,1.09,0.103050521,0.94,1.87,0.076202488,-2.247613258,2.247613258,0.024600861
SMC4,201664_at,1.5,2.08,3.468521083,0.176091259,0.318063335,-0.141972076,1,0.12,3.40E-04,0.9,2.49,0.112744091,1.38,3.12,0.090376405,-0.982532192,0.982532192,0.325837732
SPO11,222259_s_at,1.94,0.67,1.698970004,0.28780173,-0.173925197,0.461726927,2,0.0049,2.00E-02,1.21,3.1,0.104228654,0.48,0.94,0.074460871,3.604598795,3.604598795,0.000312636
SSSCA1,203114_at,1.84,1.52,2.060480747,0.264817823,0.181843588,0.082974235,2,0.0097,1.30E-02,1.15,2.94,0.103992217,1.09,2.11,0.07317754,0.652525063,0.652525063,0.51406251
STAG3,219753_at,0.55,1.23,0.638272164,-0.259637311,0.089905111,-0.349542422,1,0.016,2.30E-01,0.34,0.9,0.107847855,0.88,1.72,0.074246371,-2.669610003,2.669610003,0.007593939
SYCP1,216917_s_at,0.69,1.58,2.017728767,-0.161150909,0.198657087,-0.359807996,1,0.13,9.60E-03,0.43,1.11,0.105064929,1.11,2.25,0.078280495,-2.746187873,2.746187873,0.006029223
TARDBP,221264_s_at,0.73,0.63,2.346787486,-0.13667714,-0.200659451,0.063982311,1,0.26,4.50E-03,0.42,1.26,0.121714606,0.45,0.87,0.073037433,0.450748324,0.450748324,0.652170949
TBRG4,220789_s_at,0.72,1.75,3.187086643,-0.142667504,0.243038049,-0.385705552,1,0.16,6.50E-04,0.45,1.15,0.103950338,1.26,2.42,0.072307352,-3.046032959,3.046032959,0.002318824
TGFA,205016_at,0.76,1.6,2.22184875,-0.119186408,0.204119983,-0.32330639,1,0.24,6.00E-03,0.47,1.2,0.103847803,1.14,2.24,0.074832441,-2.525811105,2.525811105,0.011543153
TGFB1,203084_at,0.42,1.5,1.823908741,-0.37675071,0.176091259,-0.552841969,2,0.0018,1.50E-02,0.24,0.74,0.124750122,1.08,2.1,0.073672331,-3.815862009,3.815862009,0.000135708
TIMELESS,215455_at,1.85,0.68,1.408935393,0.267171728,-0.167491087,0.434662816,2,0.018,3.90E-02,1.1,3.11,0.115144822,0.47,0.98,0.08141026,3.082330493,3.082330493,0.002053867
TIPIN,219258_at,0.55,1.65,2.638272164,-0.259637311,0.217483944,-0.477121255,2,0.035,2.30E-03,0.32,0.97,0.122862693,1.19,2.28,0.072037726,-3.349999439,3.349999439,0.000808117
TOP3A,204946_s_at,1.82,0.65,1.366531544,0.260071388,-0.187086643,0.447158031,2,0.041,4.30E-02,1.02,3.27,0.12906826,0.43,0.99,0.092389474,2.817142139,2.817142139,0.004845308
TPD52L1,203786_s_at,0.79,1.6,2.013228266,-0.102372909,0.204119983,-0.306492891,1,0.33,9.70E-03,0.5,1.26,0.102398097,1.12,2.3,0.079721891,-2.361767326,2.361767326,0.018188053
TPX2,210052_s_at,2.08,2.92,7.356547324,0.318063335,0.465382851,-0.147319516,2,0.0026,4.40E-08,1.28,3.39,0.107905543,1.95,4.37,0.0893997,-1.051319547,1.051319547,0.293111853
TRIAP1,218403_at,1.75,0.76,0.886056648,0.243038049,-0.119186408,0.362224456,1,0.02,1.30E-01,1.09,2.82,0.10531189,0.53,1.08,0.078864257,2.753132814,2.753132814,0.005902794
TTK,204822_at,1.64,2.67,6.886056648,0.214843848,0.426511261,-0.211667413,1,0.078,1.30E-07,0.94,2.87,0.123661746,1.83,3.91,0.084113691,-1.415294535,1.415294535,0.156982157
TTN,208195_at,2.12,0.72,1.236572006,0.326335861,-0.142667504,0.469003364,1,0.019,5.80E-02,1.11,4.03,0.142852568,0.51,1.01,0.075701836,2.900967766,2.900967766,0.003720121
UBE2C,202954_at,2.86,2.34,6.193820026,0.456366033,0.369215857,0.087150176,2,0.0013,6.40E-07,1.46,5.58,0.148541159,1.66,3.31,0.07645916,0.521656499,0.521656499,0.601909518
USH1C,211184_s_at,1.79,0.57,3.026872146,0.252853031,-0.244125144,0.496978175,2,0.038,9.40E-04,1.02,3.12,0.123865924,0.41,0.8,0.074057686,3.443663814,3.443663814,0.000573889
XRCC2,207598_x_at,1.41,0.82,0.568636236,0.149219113,-0.086186148,0.23540526,0,0.14,2.70E-01,0.89,2.26,0.103244498,0.58,1.17,0.077744354,1.821423685,1.821423685,0.068542478
ZW10,204812_at,1.38,1.29,0.795880017,0.139879086,0.11058971,0.029289376,0,0.23,1.60E-01,0.81,2.36,0.118476271,0.9,1.85,0.079828882,0.205020037,0.205020037,0.837556471
ZWINT,204026_s_at,1.49,2.09,5.086186148,0.173186268,0.320146286,-0.146960018,1,0.095,8.20E-06,0.93,2.4,0.105032728,1.5,2.92,0.073798876,-1.144840531,1.144840531,0.252275222
NR2E3,208388_at,1.57,0.75,0.124938737,0.195899652,-0.124938737,0.320838389,0,0.15,0.087,0.85,2.93,0.137104259,0.54,1.04,0.072612138,2.067984964,2.067984964,0.038641437
HDAC6,206846_s_at,1.98,0.71,0.148741651,0.29666519,-0.148741651,0.445406842,2,0.02,0.049,1.1,3.56,0.130116661,0.5,1,0.076793366,2.947997247,2.947997247,0.003198399
NR1H3,203920_at,0.5,0.62,0.207608311,-0.301029996,-0.207608311,-0.093421685,2,0.011,0.0076,0.29,0.86,0.120433789,0.44,0.89,0.078045237,-0.650973094,0.650973094,0.515063856
PGRMC2,213227_at,1.37,0.77,0.113509275,0.136720567,-0.113509275,0.250229842,0,0.29,0.18,0.76,2.46,0.130133039,0.52,1.13,0.085988546,1.604280127,1.604280127,0.10865232
TADA3,215273_s_at,1.8,0.7,0.15490196,0.255272505,-0.15490196,0.410174465,2,0.012,0.029,1.13,2.87,0.103266187,0.5,0.96,0.072270722,3.254229547,3.254229547,0.001137004
CARM1,212512_s_at,1.41,1.46,-0.164352856,0.149219113,0.164352856,-0.015133743,1,0.22,0.033,0.81,2.43,0.121714606,1.03,2.07,0.077329878,-0.10494787,0.10494787,0.916417174
DDX17,208718_at,0.55,0.47,0.327902142,-0.259637311,-0.327902142,0.068264832,2,0.036,8.90E-05,0.31,0.97,0.126380112,0.32,0.69,0.085127325,0.448001081,0.448001081,0.654152416
PTGES3,200627_at,1.46,1.95,-0.290034611,0.164352856,0.290034611,-0.125681756,1,0.13,0.00011,0.89,2.41,0.11036404,1.38,2.76,0.076793366,-0.934767804,0.934767804,0.349907975
CGA,204637_at,1.64,1.25,-0.096910013,0.214843848,0.096910013,0.117933835,1,0.037,0.18,1.03,2.61,0.103011041,0.9,1.74,0.073037433,0.933933737,0.933933737,0.350338075
CGB3,205387_s_at,1.36,1.32,-0.120573931,0.133538908,0.120573931,0.012964977,0,0.2,0.088,0.85,2.17,0.103836941,0.96,1.83,0.071474453,0.102849015,0.102849015,0.918082803
EGLN2,220956_s_at,2.15,0.66,0.180456064,0.33243846,-0.180456064,0.512894524,2,0.0018,0.013,1.31,3.51,0.109192811,0.48,0.92,0.072078212,3.920100989,3.920100989,8.85119E-05
PADI2,209791_at,0.64,1.66,-0.220108088,-0.193820026,0.220108088,-0.413928114,1,0.12,0.0021,0.36,1.13,0.126728557,1.2,2.29,0.071595468,-2.843806543,2.843806543,0.004457811
PARK7,200006_at,1.32,0.77,0.113509275,0.120573931,-0.113509275,0.234083206,0,0.24,0.14,0.83,2.11,0.10336846,0.54,1.09,0.077814474,1.809217719,1.809217719,0.070417186
PHB2,201600_at,1.97,0.65,0.187086643,0.294466226,-0.187086643,0.48155287,2,0.0036,0.013,1.24,3.14,0.102935705,0.46,0.91,0.075582541,3.770832441,3.770832441,0.000162704
CRH,205630_at,1.76,0.71,0.148741651,0.245512668,-0.148741651,0.394254319,1,0.017,0.062,1.1,2.81,0.103906539,0.5,1.02,0.078987288,3.020634967,3.020634967,0.002522453
CRHBP,205984_at,0.7,0.8,0.096910013,-0.15490196,-0.096910013,-0.057991947,0,0.17,0.19,0.42,1.17,0.113504227,0.58,1.12,0.07290562,-0.429883346,0.429883346,0.6672805
CRY1,209674_at,0.6,1.8,-0.255272505,-0.22184875,0.255272505,-0.477121255,2,0.031,0.0032,0.37,0.96,0.105629977,1.21,2.67,0.087685176,-3.475479791,3.475479791,0.00050994
CRY2,212695_at,1.49,0.7,0.15490196,0.173186268,-0.15490196,0.328088228,1,0.14,0.047,0.87,2.54,0.118702669,0.5,1,0.076793366,2.320656829,2.320656829,0.020305372
PARP1,208644_at,1.84,1.31,-0.117271296,0.264817823,0.117271296,0.147546527,1,0.017,0.1,1.11,3.07,0.112708009,0.95,1.82,0.072027496,1.103090161,1.103090161,0.269988013
CSNK2B,201390_s_at,3.65,1.39,-0.1430148,0.562292864,0.1430148,0.419278064,2,1.10E-04,0.046,1.81,7.35,0.155257338,1,1.93,0.072846252,2.444804657,2.444804657,0.014493062
DAB2,201278_at,0.51,0.72,0.142667504,-0.292429824,-0.142667504,-0.14976232,1,0.01,0.083,0.3,0.86,0.116677856,0.49,1.05,0.084437046,-1.039832173,1.039832173,0.298417879
DAXX,201763_s_at,0.43,0.75,0.124938737,-0.366531544,-0.124938737,-0.241592808,1,0.00029,0.11,0.27,0.69,0.103950338,0.53,1.07,0.07783365,-1.860402543,1.860402543,0.062828595
DEFA1,205033_s_at,1.82,1.2,-0.079181246,0.260071388,0.079181246,0.180890142,1,0.03,0.32,1.05,3.13,0.121008938,0.84,1.71,0.078754292,1.252880834,1.252880834,0.210249078
DEFA3,205033_s_at,1.82,1.2,-0.079181246,0.260071388,0.079181246,0.180890142,1,0.03,0.32,1.05,3.13,0.121008938,0.84,1.71,0.078754292,1.252880834,1.252880834,0.210249078
AGRP,207193_at,1.82,0.79,0.102372909,0.260071388,-0.102372909,0.362444297,1,0.011,0.18,1.14,2.92,0.104203571,0.56,1.12,0.076793366,2.800020482,2.800020482,0.005109936
NR0B1,206645_s_at,0.7,1.2,-0.079181246,-0.15490196,0.079181246,-0.234083206,0,0.13,0.28,0.44,1.12,0.103511568,0.86,1.69,0.074843942,-1.832567345,1.832567345,0.066866938
EP300,202221_s_at,0.79,1.17,-0.068185862,-0.102372909,0.068185862,-0.17055877,0,0.35,0.41,0.49,1.29,0.107243273,0.81,1.68,0.080822516,-1.270092245,1.270092245,0.204051774
ESR1,205225_at,1.33,0.63,0.200659451,0.123851641,-0.200659451,0.324511092,1,0.24,0.007,0.83,2.12,0.103892288,0.45,0.88,0.074303612,2.540626798,2.540626798,0.011065396
ESR2,211120_x_at,1.4,1.18,-0.071882007,0.146128036,0.071882007,0.074246028,0,0.22,0.32,0.81,2.42,0.121257742,0.85,1.63,0.072134867,0.526225197,0.526225197,0.598731749
ESRRA,203193_at,1.5,1.28,-0.10720997,0.176091259,0.10720997,0.068881289,0,0.091,0.13,0.93,2.41,0.105493391,0.93,1.77,0.07129855,0.540976539,0.540976539,0.588523753
ESRRG,207981_s_at,0.72,0.8,0.096910013,-0.142667504,-0.096910013,-0.045757491,0,0.17,0.2,0.45,1.15,0.103950338,0.58,1.12,0.07290562,-0.360385681,0.360385681,0.718558733
ACSL1,201963_at,0.57,1.81,-0.257678575,-0.244125144,0.257678575,-0.501803719,2,0.021,0.00033,0.35,0.92,0.107071373,1.3,2.51,0.0728904,-3.874119187,3.874119187,0.000107011
CNOT1,200861_at,2.99,1.78,-0.250420002,0.475671188,0.250420002,0.225251186,2,0.0012,0.0074,1.49,6.02,0.154696485,1.16,2.72,0.09441605,1.242881875,1.242881875,0.213911366
KDM4C,209984_at,2.28,0.66,0.180456064,0.357934847,-0.180456064,0.538390911,2,0.0029,0.014,1.3,3.98,0.123964214,0.47,0.92,0.074410706,3.723764388,3.723764388,0.000196274
SIRT1,218878_s_at,0.72,0.77,0.113509275,-0.142667504,-0.113509275,-0.029158229,0,0.18,0.13,0.45,1.16,0.10490956,0.56,1.08,0.072764216,-0.228380341,0.228380341,0.819350571
WBP2,209117_at,2.51,0.54,0.26760624,0.399673721,-0.26760624,0.667279962,2,0.00025,0.0055,1.51,4.18,0.112805953,0.34,0.84,0.100204176,4.422462378,4.422462378,9.75823E-06
FSHR,211201_at,1.91,0.85,0.070581074,0.281033367,-0.070581074,0.351614442,0,0.066,0.38,0.95,3.84,0.154746842,0.6,1.22,0.078624638,2.025715893,2.025715893,0.042793907
NR5A2,210174_at,0.69,0.78,0.107905397,-0.161150909,-0.107905397,-0.053245512,0,0.19,0.13,0.39,1.22,0.126350822,0.56,1.08,0.072764216,-0.365182487,0.365182487,0.714975191
NR5A1,210333_at,1.43,1.2,,0.155336037,0.079181246,0.076154791,0,0.2,0.33,0.83,2.47,0.120821138,0.83,1.72,0.080727131,0.524089704,0.524089704,0.600216149
KANK2,218418_s_at,2.27,0.51,0.292429824,0.356025857,-0.292429824,0.648455681,2,0.01,0.0013,1.19,4.31,0.142584262,0.33,0.77,0.093871629,3.798564197,3.798564197,0.000145537
APPL1,218158_s_at,0.74,0.77,0.113509275,-0.13076828,-0.113509275,-0.017259005,0,0.19,0.18,0.46,1.17,0.103425518,0.53,1.13,0.083878208,-0.12960809,0.12960809,0.896876502
GCGR,210565_at,0.63,1.5,-0.176091259,-0.200659451,0.176091259,-0.37675071,1,0.053,0.014,0.39,1.01,0.105422645,1.08,2.07,0.072078212,-2.950106641,2.950106641,0.003176643
GHR,205498_at,0.61,0.7,0.15490196,-0.214670165,-0.15490196,-0.059768205,1,0.04,0.05,0.37,0.98,0.107914375,0.48,1,0.081316011,-0.442329514,0.442329514,0.658250777
GHRHR,207825_s_at,1.46,0.87,0.060480747,0.164352856,-0.060480747,0.224833603,0,0.2,0.43,0.81,2.62,0.130055172,0.62,1.23,0.075896281,1.493108848,1.493108848,0.135408697
NR3C1,216321_s_at,0.57,0.65,0.187086643,-0.244125144,-0.187086643,-0.057038501,2,0.017,0.0082,0.36,0.91,0.102739513,0.47,0.9,0.071975676,-0.454697151,0.454697151,0.649327131
GTF2H1,202451_at,0.51,1.23,-0.089905111,-0.292429824,0.089905111,-0.382334935,1,0.039,0.21,0.27,0.98,0.142822018,0.89,1.72,0.0729945,-2.383719225,2.383719225,0.017138673
STRN3,204496_at,0.63,1.61,-0.206825876,-0.200659451,0.206825876,-0.407485327,1,0.052,0.0043,0.39,1.01,0.105422645,1.16,2.23,0.072409917,-3.186092801,3.186092801,0.001442083
HDAC1,201209_at,1.33,1.4,-0.146128036,0.123851641,0.146128036,-0.022276395,1,0.23,0.042,0.83,2.11,0.10336846,1.01,1.93,0.071743861,-0.177041057,0.177041057,0.85947614
FOXA1,204667_at,2.17,0.71,0.148741651,0.336459734,-0.148741651,0.485201385,1,0.00095,0.055,1.35,3.46,0.104271003,0.49,1.01,0.080134004,3.689568297,3.689568297,0.000224635
PRMT2,202098_s_at,1.48,1.15,-0.06069784,0.170261715,0.06069784,0.109563875,0,0.096,0.46,0.93,2.36,0.103170677,0.8,1.65,0.08020254,0.838428867,0.838428867,0.401789883
DNAJA1,200881_s_at,1.75,1.7,-0.230448921,0.243038049,0.230448921,0.012589127,2,0.018,0.0047,1.1,2.78,0.102717375,1.17,2.45,0.08188271,0.095836319,0.095836319,0.923650572
ISL1,206104_at,0.64,0.83,0.080921908,-0.193820026,-0.080921908,-0.112898118,0,0.13,0.28,0.36,1.14,0.127704681,0.58,1.17,0.077744354,-0.755130477,0.755130477,0.450170698
JAK2,205841_at,0.46,0.8,0.096910013,-0.337242168,-0.096910013,-0.240332155,1,0.0049,0.18,0.26,0.8,0.124519551,0.58,1.11,0.071911986,-1.671374877,1.671374877,0.094647655
RHOA,200059_s_at,0.72,0.83,0.080921908,-0.142667504,-0.080921908,-0.061745596,0,0.17,0.28,0.45,1.16,0.10490956,0.59,1.17,0.075850472,-0.476955566,0.476955566,0.633393763
LHB,214471_x_at,0.43,0.59,0.229147988,-0.366531544,-0.229147988,-0.137383556,2,0.012,0.0021,0.22,0.85,0.14974394,0.43,0.83,0.072859601,-0.824984836,0.824984836,0.4093802
LHCGR,207240_s_at,1.45,0.81,0.091514981,0.161368002,-0.091514981,0.252882983,0,0.12,0.2,0.91,2.32,0.103685355,0.58,1.12,0.07290562,1.995112163,1.995112163,0.046030648
BMAL1,209824_s_at,1.84,0.7,0.15490196,0.264817823,-0.15490196,0.419719783,2,0.014,0.047,1.12,3.03,0.110261379,0.49,1,0.079031612,3.093915378,3.093915378,0.001975338
SCGB2A1,205979_at,1.51,1.29,-0.11058971,0.178976947,0.11058971,0.068387237,0,0.082,0.12,0.95,2.4,0.102675417,0.93,1.79,0.072543388,0.543977288,0.543977288,0.586457102
SCGB2A2,206378_at,2.1,0.72,0.142667504,0.322219295,-0.142667504,0.464886798,1,0.0015,0.067,1.31,3.36,0.104354077,0.51,1.03,0.077874247,3.570334647,3.570334647,0.000356525
NR3C2,205259_at,0.67,0.75,0.124938737,-0.173925197,-0.124938737,-0.048986461,0,0.17,0.076,0.38,1.18,0.125535309,0.54,1.03,0.0715417,-0.339030366,0.339030366,0.734586855
ASIP,214498_at,0.65,0.69,0.161150909,-0.187086643,-0.161150909,-0.025935734,1,0.083,0.024,0.4,1.06,0.107970886,0.5,0.95,0.071110612,-0.200610075,0.200610075,0.841003479
NEDD4,213012_at,0.77,1.49,-0.173186268,-0.113509275,0.173186268,-0.286695543,1,0.27,0.031,0.48,1.23,0.104250988,1.03,2.13,0.080495505,-2.176701131,2.176701131,0.029502874
NKX3-1,209706_at,1.85,0.8,0.096910013,0.267171728,-0.096910013,0.364081741,1,0.0086,0.23,1.16,2.95,0.10340919,0.55,1.16,0.082677372,2.749921034,2.749921034,0.005960963
CNOT2,217798_at,1.58,0.68,0.167491087,0.198657087,-0.167491087,0.366148174,0,0.059,0.052,0.98,2.54,0.105512153,0.46,1.01,0.087133557,2.675747536,2.675747536,0.007456279
ADIPOR1,217748_at,2.48,1.44,-0.158362492,0.394451681,0.158362492,0.236089189,2,7.90E-05,0.031,1.55,3.95,0.103639132,1.03,2,0.073518564,1.857988269,1.857988269,0.06317068
UBR5,208882_s_at,0.8,0.67,0.173925197,-0.096910013,-0.173925197,0.077015184,0,0.34,0.054,0.5,1.27,0.103273907,0.44,1.01,0.092058341,0.556676247,0.556676247,0.577748648
RWDD1,219598_s_at,0.72,1.39,-0.1430148,-0.142667504,0.1430148,-0.285682304,1,0.18,0.045,0.44,1.16,0.107399314,1.01,1.92,0.07116833,-2.217355159,2.217355159,0.026598831
UFM1,218050_at,0.49,1.52,-0.181843588,-0.30980392,0.181843588,-0.491647508,2,0.0022,0.022,0.3,0.78,0.105860548,1.06,2.19,0.080392411,-3.698647976,3.698647976,0.000216751
PER1,202861_at,0.62,0.56,0.251811973,-0.207608311,-0.251811973,0.044203662,1,0.053,0.0027,0.37,1.01,0.111255013,0.39,0.82,0.082333991,0.319373919,0.319373919,0.749442986
PHB1,200659_s_at,0.76,0.7,0.15490196,-0.119186408,-0.15490196,0.035715552,1,0.26,0.038,0.46,1.23,0.108966143,0.5,0.98,0.07455512,0.270509603,0.270509603,0.78676823
POU4F2,207725_at,1.67,0.77,0.113509275,0.222716471,-0.113509275,0.336225746,0,0.077,0.18,0.94,3.03,0.129672136,0.52,1.13,0.085988546,2.16094394,2.16094394,0.03069967
PPARD,37152_at,1.38,1.65,-0.217483944,0.139879086,0.217483944,-0.077604858,1,0.22,0.015,0.83,2.29,0.11243811,1.1,2.47,0.089618436,-0.539732824,0.539732824,0.5893813
PPARG,208510_s_at,0.47,0.5,0.301029996,-0.327902142,-0.301029996,-0.026872146,2,0.0014,0.00033,0.29,0.76,0.106738672,0.34,0.73,0.084654067,-0.197251241,0.197251241,0.843630933
MED1,209580_s_at,0.71,1.8,-0.255272505,-0.148741651,0.255272505,-0.404014156,1,0.2,0.00071,0.42,1.2,0.116309172,1.27,2.54,0.076793366,-2.898782092,2.898782092,0.003746152
TRIM68,219405_at,0.59,0.68,0.167491087,-0.229147988,-0.167491087,-0.061656901,1,0.082,0.03,0.32,1.08,0.134763719,0.49,0.97,0.075657055,-0.398948466,0.398948466,0.689931177
APPL2, 218218_at,0.58,0.7,0.15490196,-0.236572006,-0.15490196,-0.081670046,1,0.037,0.073,0.34,0.97,0.116146127,0.47,1.04,0.087993745,-0.560478481,0.560478481,0.575153113
UFSP2,218449_at,0.68,1.39,-0.1430148,-0.167491087,0.1430148,-0.310505888,0,0.1,0.067,0.42,1.08,0.104636343,0.98,1.97,0.077357181,-2.386185464,2.386185464,0.017024163
PRCP,201494_at,0.72,0.58,0.236572006,-0.142667504,-0.236572006,0.093904503,1,0.19,0.0013,0.44,1.18,0.109293197,0.41,0.81,0.07543397,0.707123314,0.707123314,0.479489849
ZDHHC7,218606_at,1.83,0.79,0.102372909,0.26245109,-0.102372909,0.364823998,1,0.01,0.15,1.15,2.93,0.10361474,0.57,1.09,0.071824399,2.893719505,2.893719505,0.003807081
KDM3A,212689_s_at,1.25,1.19,-0.075546961,0.096910013,0.075546961,0.021363052,0,0.35,0.37,0.78,1.99,0.103764917,0.81,1.74,0.084710263,0.159483561,0.159483561,0.873287909
VPS11,203292_s_at,2.04,0.65,0.187086643,0.309630167,-0.187086643,0.496716811,2,0.032,0.016,1.05,3.99,0.147903979,0.45,0.92,0.079228396,2.960387992,2.960387992,0.003072518
PKN1,202161_at,1.78,0.65,0.187086643,0.250420002,-0.187086643,0.437506646,2,0.04,0.019,1.02,3.1,0.12315345,0.45,0.94,0.081611056,2.961326351,2.961326351,0.003063172
LMO3,204424_s_at,2.83,1.23,-0.089905111,0.451786436,0.089905111,0.361881324,1,0.0023,0.28,1.41,5.7,0.154759118,0.84,1.78,0.083199162,2.059588104,2.059588104,0.039437934
PRL,205445_at,1.31,0.78,0.107905397,0.117271296,-0.107905397,0.225176693,0,0.28,0.16,0.8,2.15,0.109527672,0.56,1.1,0.074797107,1.697771286,1.697771286,0.089550937
ZMIZ1,212124_at,1.31,0.78,0.107905397,0.117271296,-0.107905397,0.225176693,0,0.26,0.14,0.82,2.11,0.104711378,0.56,1.09,0.073785324,1.757865852,1.757865852,0.078770337
PTH,206977_at,0.66,0.69,0.161150909,-0.180456064,-0.161150909,-0.019305155,1,0.11,0.025,0.4,1.1,0.112074667,0.49,0.95,0.073348858,-0.144129395,0.144129395,0.885398293
CALCOCO1,209002_s_at,2.12,0.57,0.244125144,0.326335861,-0.244125144,0.570461005,2,0.024,0.0025,1.09,4.15,0.148117755,0.4,0.83,0.080871965,3.380356448,3.380356448,0.000723919
PTPN11,212610_at,1.55,1.49,-0.173186268,0.190331698,0.173186268,0.01714543,1,0.064,0.015,0.97,2.46,0.103102901,1.08,2.07,0.072078212,0.136291877,0.136291877,0.891590545
RARA,203750_s_at,1.54,0.69,0.161150909,0.187520721,-0.161150909,0.34867163,1,0.085,0.026,0.94,2.51,0.108812721,0.5,0.96,0.072270722,2.669227174,2.669227174,0.007602601
RARB,205080_at,0.67,0.69,0.161150909,-0.173925197,-0.161150909,-0.012774288,1,0.15,0.034,0.39,1.16,0.120763618,0.5,0.97,0.073418809,-0.090386236,0.090386236,0.927980294
RARG,204189_at,1.46,0.65,0.187086643,0.164352856,-0.187086643,0.351439499,1,0.13,0.016,0.9,2.38,0.107738379,0.46,0.93,0.077991101,2.642314844,2.642314844,0.008234147
RELA,201783_s_at,3.06,0.65,0.187086643,0.485721426,-0.187086643,0.67280807,2,0.0017,0.019,1.47,6.4,0.162975163,0.45,0.93,0.080426131,3.702045295,3.702045295,0.000213868
REN,206367_at,1.62,0.81,0.091514981,0.209515015,-0.091514981,0.301029996,1,0.048,0.2,1,2.61,0.106285844,0.58,1.12,0.07290562,2.335608183,2.335608183,0.019511672
RNF6,203403_s_at,0.8,1.65,-0.217483944,-0.096910013,0.217483944,-0.314393957,1,0.34,0.0023,0.5,1.27,0.103273907,1.19,2.28,0.072037726,-2.49684724,2.49684724,0.012530292
RXRA,202449_s_at,1.49,0.72,0.142667504,0.173186268,-0.142667504,0.315853772,0,0.09,0.052,0.94,2.39,0.103385216,0.51,1,0.074599445,2.477487944,2.477487944,0.013231088
RXRB,209148_at,3.13,0.74,0.13076828,0.495544338,-0.13076828,0.626312618,1,0.00014,0.096,1.68,5.82,0.137656557,0.51,1.06,0.081055023,3.920642613,3.920642613,8.83132E-05
RXRG,205954_at,1.3,0.66,0.180456064,0.113943352,-0.180456064,0.294399417,1,0.27,0.018,0.81,2.09,0.105015629,0.47,0.93,0.075608441,2.275073448,2.275073448,0.022901524
SAFB,201748_s_at,2.08,0.7,0.15490196,0.318063335,-0.15490196,0.472965295,2,0.0072,0.029,1.21,3.59,0.12048701,0.5,0.97,0.073418809,3.352135427,3.352135427,0.000801908
SFRP1,202037_s_at,0.65,0.69,0.161150909,-0.187086643,-0.161150909,-0.025935734,1,0.094,0.021,0.39,1.08,0.112846722,0.5,0.95,0.071110612,-0.194445153,0.194445153,0.845827337
SKP2,203625_x_at,1.46,2,-0.301029996,0.164352856,0.301029996,-0.13667714,1,0.14,6.20E-05,0.88,2.43,0.112531531,1.41,2.83,0.077185542,-1.001601409,1.001601409,0.31653614
SMARCA4,213720_s_at,1.71,0.83,0.080921908,0.23299611,-0.080921908,0.313918018,1,0.037,0.33,1.03,2.85,0.11275705,0.58,1.21,0.081468719,2.256633971,2.256633971,0.024030956
DDRGK1,218159_at,2.12,1.34,-0.127104798,0.326335861,0.127104798,0.199231063,1,0.0098,0.081,1.18,3.81,0.1298579,0.96,1.86,0.073275947,1.336175488,1.336175488,0.181491921
SRC,213324_at,1.37,1.61,-0.206825876,0.136720567,0.206825876,-0.070105309,1,0.2,0.005,0.85,2.19,0.104853365,1.15,2.26,0.074849643,-0.544176864,0.544176864,0.586319771
BRCA1,204531_s_at,1.43,2.15,-0.33243846,0.155336037,0.33243846,-0.177102422,1,0.17,2.10E-06,0.86,2.39,0.113239656,1.55,2.96,0.071673473,-1.321501415,1.321501415,0.186334231
SST,213921_at,2.47,0.66,0.180456064,0.392696953,-0.180456064,0.573153018,2,0.00062,0.012,1.45,4.21,0.11809033,0.48,0.91,0.070867386,4.161648478,4.161648478,3.15958E-05
SSTR2,214597_at,0.47,0.6,0.22184875,-0.327902142,-0.22184875,-0.106053392,2,0.0016,0.01,0.29,0.76,0.106738672,0.41,0.89,0.085868916,-0.774161546,0.774161546,0.438835265
SSTR3,214491_at,1.73,0.81,0.091514981,0.238046103,-0.091514981,0.329561084,1,0.019,0.22,1.09,2.76,0.102929231,0.58,1.13,0.073890421,2.601005718,2.601005718,0.00929509
SSTR4,214556_at,0.66,0.77,0.113509275,-0.180456064,-0.113509275,-0.06694679,0,0.11,0.21,0.4,1.1,0.112074667,0.52,1.15,0.08793227,-0.469957525,0.469957525,0.638385364
SSTR5,214555_at,1.72,1.19,-0.075546961,0.235528447,0.075546961,0.159981486,1,0.031,0.34,1.04,2.82,0.110514227,0.83,1.7,0.079431334,1.175485331,1.175485331,0.239800603
TAF7,201023_at,0.72,1.33,-0.123851641,-0.142667504,0.123851641,-0.266519145,0,0.18,0.08,0.45,1.17,0.105860548,0.96,1.84,0.072078212,-2.081055478,2.081055478,0.037428828
THRA,35846_at,2.66,0.63,0.200659451,0.424881637,-0.200659451,0.625541087,2,0.00091,0.0068,1.46,4.86,0.133235565,0.44,0.88,0.076793366,4.067710442,4.067710442,4.74773E-05
NR2E1,207443_at,0.73,0.78,0.107905397,-0.13667714,-0.107905397,-0.028771743,0,0.28,0.13,0.41,1.3,0.12784681,0.56,1.08,0.072764216,-0.195588437,0.195588437,0.844932311
NR2C1,204791_at,0.67,1.32,-0.120573931,-0.173925197,0.120573931,-0.294499129,0,0.1,0.12,0.42,1.08,0.104636343,0.93,1.88,0.077978291,-2.256756068,2.256756068,0.024023321
TRH,206622_at,1.85,0.7,0.15490196,0.267171728,-0.15490196,0.422073688,2,0.0096,0.03,1.15,2.97,0.105116992,0.5,0.97,0.073418809,3.291839466,3.291839466,0.000995344
TSHR,215443_at,0.68,0.83,0.080921908,-0.167491087,-0.080921908,-0.08656918,0,0.11,0.26,0.43,1.09,0.103050521,0.6,1.15,0.072078212,-0.688387727,0.688387727,0.491208651
DEFA1B,205033_s_at,1.83,1.2,-0.079181246,0.26245109,0.079181246,0.183269844,1,0.03,0.32,1.05,3.13,0.121008938,0.84,1.71,0.078754292,1.269363118,1.269363118,0.204311584
UBE3A,213128_s_at,0.57,0.67,0.173925197,-0.244125144,-0.173925197,-0.070199947,2,0.02,0.033,0.35,0.92,0.107071373,0.47,0.97,0.080273948,-0.524579107,0.524579107,0.599875814
NR1H2,218215_s_at,2.19,0.86,0.065501549,0.340444115,-0.065501549,0.405945664,1,7.00E-04,0.41,1.38,3.49,0.102792434,0.61,1.23,0.077697775,3.150443043,3.150443043,0.00163023
YWHAH,201020_at,2.07,0.83,0.080921908,0.315970345,-0.080921908,0.396892253,1,0.0018,0.25,1.3,3.3,0.103206783,0.6,1.14,0.071110612,3.166702104,3.166702104,0.001541782
ADIPOR2,201346_at,2.24,0.68,0.167491087,0.350248018,-0.167491087,0.517739106,2,0.011,0.021,1.18,4.27,0.142486191,0.49,0.94,0.072176473,3.241460828,3.241460828,0.001189188
NR4A3,209959_at,0.62,0.56,0.251811973,-0.207608311,-0.251811973,0.044203662,1,0.054,0.0032,0.38,1.01,0.108300453,0.38,0.83,0.086554718,0.318840565,0.318840565,0.749847416
NCOA4,210774_s_at,0.65,0.75,0.124938737,-0.187086643,-0.124938737,-0.062147907,0,0.17,0.11,0.35,1.2,0.13650847,0.53,1.07,0.07783365,-0.395496594,0.395496594,0.692476434
CALR,214315_x_at,1.84,1.35,-0.130333768,0.264817823,0.130333768,0.134484055,0,0.052,0.12,0.99,3.42,0.13734462,0.92,1.96,0.083792919,0.835888602,0.835888602,0.403217575
LBH,221011_s_at,1.83,0.68,0.167491087,0.26245109,-0.167491087,0.429942177,1,0.02,0.057,1.09,3.07,0.114722418,0.45,1.01,0.089568587,2.953986305,2.953986305,0.003136979
KDM5D,206700_s_at,1.42,0.7,0.15490196,0.152288344,-0.15490196,0.307190304,0,0.15,0.069,0.87,2.3,0.107706271,0.47,1.03,0.086923308,2.219482183,2.219482183,0.026453938
ARID1A,218917_s_at,1.95,0.57,0.244125144,0.290034611,-0.244125144,0.534159756,2,0.023,0.0021,1.09,3.5,0.129245292,0.39,0.82,0.082333991,3.485717869,3.485717869,0.000490818
TP63,209863_s_at,0.66,0.8,0.096910013,-0.180456064,-0.096910013,-0.083546051,0,0.084,0.17,0.42,1.06,0.102565453,0.57,1.1,0.072836181,-0.664136073,0.664136073,0.506603224
NCOA1,209106_at,1.54,0.68,0.167491087,0.187520721,-0.167491087,0.355011808,1,0.077,0.033,0.95,2.48,0.106308183,0.48,0.97,0.077941453,2.693172354,2.693172354,0.007077567
CNOT9,213179_at,1.71,0.81,0.091514981,0.23299611,-0.091514981,0.324511092,0,0.078,0.29,0.93,3.12,0.13409991,0.55,1.2,0.086433305,2.034022599,2.034022599,0.041949317
TRIP4,203732_at,0.79,0.87,0.060480747,-0.102372909,-0.060480747,-0.041892161,0,0.36,0.47,0.48,1.3,0.110383193,0.59,1.27,0.084936661,-0.30077838,0.30077838,0.763583496
CYP7B1,207386_at,1.44,0.8,0.096910013,0.158362492,-0.096910013,0.255272505,0,0.25,0.2,0.77,2.68,0.138174507,0.56,1.13,0.077778167,1.609930979,1.609930979,0.107412925
NR1D1,31637_s_at,1.59,0.56,0.251811973,0.201397124,-0.251811973,0.453209097,1,0.057,0.0014,0.98,2.56,0.106381094,0.39,0.8,0.079598311,3.411076579,3.411076579,0.000647069
RNF14,201824_at,1.69,0.82,0.086186148,0.227886705,-0.086186148,0.314072852,1,0.026,0.25,1.06,2.7,0.103586199,0.59,1.15,0.073940262,2.467797853,2.467797853,0.013594707
NCOR1,200854_at,1.5,0.64,0.193820026,0.176091259,-0.193820026,0.369911285,1,0.18,0.0059,0.82,2.75,0.134060929,0.46,0.88,0.071868582,2.431868359,2.431868359,0.015021166
NCOR2,207760_s_at,2.02,0.62,0.207608311,0.305351369,-0.207608311,0.51295968,2,0.029,0.0049,1.06,3.84,0.14260851,0.45,0.87,0.073037433,3.20152064,3.20152064,0.001367043
SAFB2,32099_at,0.78,0.65,0.187086643,-0.107905397,-0.187086643,0.079181246,1,0.32,0.0094,0.48,1.27,0.107796552,0.47,0.9,0.071975676,0.610885766,0.610885766,0.541275209
